Марка;Модель;Категория;Артикул;Наименование;Цена;Производитель;Оригинальность;На складе;Описание
CHEVROLET;AVEO;Бампер;ST-CVA6-087-0;Бампер задний CHEVROLET AVEO 2011-15 4D;2235;SAT;аналог;4;
CHEVROLET;AVEO;Бампер;ST-CVA6-087-A0;Бампер задний CHEVROLET AVEO 2011-15 5D;2345;SAT;аналог;5;
CHEVROLET;AVEO;Бампер;ST-CVA6-000-0;Бампер передний CHEVROLET AVEO 2011-;1500;SAT;аналог;6;
CHEVROLET;AVEO;Фары;ST-235-1114L;Фара CHEVROLET AVEO 2011-15 LH окантовка черная;2580;SAT;аналог;7;
CHEVROLET;AVEO;Фары;ST-235-1114R;Фара CHEVROLET AVEO 2011-15 RH окантовка черная;2580;SAT;аналог;3;
CHEVROLET;AVEO;Фары;ST-235-1114LMLDEM1;Фара CHEVROLET AVEO 2011-15 LH окантовка хром;2180;SAT;аналог;7;
CHEVROLET;AVEO;Фары;ST-235-1114RMLDEM1;Фара CHEVROLET AVEO 2011-15 RH окантовка хром;2180;SAT;аналог;4;
CHEVROLET;AVEO;Фары;ST-235-2012R;Фара противотуманная CHEVROLET AVEO /COBALT 2011-;350;SAT;аналог;2;
CHEVROLET;AVEO;Фары;ST-235-2012L;Фара противотуманная CHEVROLET AVEO /COBALT 2011-;350;SAT;аналог;6;
CHEVROLET;AVEO;Фонарь;ST-235-1913L;Фонарь задний CHEVROLET AVEO 2011-4D левый, 4 двери;1860;SAT;аналог;8;
CHEVROLET;AVEO;Фонарь;ST-235-1913R;Фонарь задний CHEVROLET AVEO 2011-4D правый, 4 двери;1860;SAT;аналог;2;
CHEVROLET;AVEO;Фонарь;ST-235-1914R;Фонарь задний CHEVROLET AVEO 2011-5D правый, 5 дверей;1575;SAT;аналог;4;
CHEVROLET;AVEO;Фонарь;ST-235-1914L;Фонарь задний CHEVROLET AVEO 2011-5D левый, 5 дверей;1575;SAT;аналог;7;
HYUNDAI;SOLARIS;Фары;92101-4L500;Фара HYUNDAI SOLARIS 2012-14 LH диодная;29605;HYUNDAI (original);оригинал;8;
HYUNDAI;SOLARIS;Фары;92102-4L500;Фара HYUNDAI SOLARIS 2012-14 RH диодная;29605;HYUNDAI (original);оригинал;9;
HYUNDAI;SOLARIS;Фары;ST-221-1166CL;Фара HYUNDAI SOLARIS 2014-17 LH линза;6500;SAT;аналог;34;
HYUNDAI;SOLARIS;Фары;ST-221-1166CR;Фара HYUNDAI SOLARIS 2014-17 RH линза;6500;SAT;аналог;2;
HYUNDAI;SOLARIS;Фары;ST-221-1166L;Фара HYUNDAI SOLARIS 2014-17 LH;1980;SAT;аналог;5;
HYUNDAI;SOLARIS;Фары;ST-221-1166R;Фара HYUNDAI SOLARIS 2014-17 RH;1980;SAT;аналог;7;
HYUNDAI;SOLARIS;Фары;ST-221-11S1CL;Фара HYUNDAI SOLARIS 2010-14 хром L;3255;SAT;аналог;6;
HYUNDAI;SOLARIS;Фары;ST-221-11S1CR;Фара HYUNDAI SOLARIS 2010-14 хром R;3255;SAT;аналог;3;
HYUNDAI;SOLARIS;Фары;ST-221-11S1L;Фара HYUNDAI SOLARIS 2010-14 LH;2215;SAT;аналог;2;
HYUNDAI;SOLARIS;Фары;ST-221-11S1R;Фара HYUNDAI SOLARIS 2010-14 RH;2215;SAT;аналог;5;
HYUNDAI;SOLARIS;Фары;ST-221-11S2L;Фара HYUNDAI SOLARIS 2012-14 LH диодная, под корректор;9100;SAT;аналог;76;
HYUNDAI;SOLARIS;Фары;ST-221-11S2R;Фара HYUNDAI SOLARIS 2012-14 RH диодная, под корректор;9100;SAT;аналог;45;
DAEWOO;NEXIA;Бампер;ST-DW26-087-0;Бампер задний DAEWOO NEXIA 2008-;1540;SAT;аналог;32;
DAEWOO;NEXIA;Бампер;ST-DW26-000-0;Бампер передний DAEWOO NEXIA 2008-;1630;SAT;аналог;54;
DAEWOO;NEXIA;Бампер;ST-DW26-000-A0;Бампер передний DAEWOO NEXIA 2012-;1570;SAT;аналог;6;
DAEWOO;NEXIA;Оправа;ST-DW26-219-2;Оправа ПТФ DAEWOO NEXIA 2008- LH левая;116;SAT;аналог;7;
DAEWOO;NEXIA;Оправа;ST-DW26-219-1;Оправа ПТФ DAEWOO NEXIA 2008- RH правая;116;SAT;аналог;4;
DAEWOO;NEXIA;Фары;ST-222-1117L;Фара DAEWOO NEXIA 2008-16 LH левая;1710;SAT;аналог;56;
DAEWOO;NEXIA;Фары;ST-222-1117R;Фара DAEWOO NEXIA 2008-16 RH правая;1710;SAT;аналог;7;
DAEWOO;NEXIA;Фары;ST-222-20N8BL;Фара п/туманная DAEWOO NEXIA 08- без оправы, черная, левая;735;SAT;аналог;75;
DAEWOO;NEXIA;Фары;ST-222-20N8BR;Фара п/туманная DAEWOO NEXIA 08- без оправы, черная, правая;735;SAT;аналог;4;
DAEWOO;NEXIA;Фары;ST-222-20N8R;Фара п/туманная DAEWOO NEXIA 08- без оправы в бампер ST-DW26-000-0, правая;740;SAT;аналог;6;
DAEWOO;NEXIA;Фары;ST-222-20N8L;Фара п/туманная DAEWOO NEXIA 08- без оправы в бампер ST-DW26-000-0, левая;740;SAT;аналог;7;
DAEWOO;NEXIA;Фары;ST-551-2007DN;Фара п/туманная LH=RH диодная;520;SAT;аналог;7;
DAEWOO;NEXIA;Фары;ST-551-2007N;Фара противотуманная LH=RH;235;SAT;аналог;4;
DAEWOO;NEXIA;Фонарь;ST-222-1920L;Фонарь задний DAEWOO NEXIA 2008-;880;SAT;аналог;6;
DAEWOO;NEXIA;Фонарь;ST-222-1920R;Фонарь задний DAEWOO NEXIA 2008-;880;SAT;аналог;7;
DAEWOO;MATIZ;Фары;ST-235-1111L;Фара DAEWOO MATIZ /CHEVROLET SPARK 10- LH левый;3255;SAT;аналог;43;
DAEWOO;MATIZ;Фары;ST-235-1111R;Фара DAEWOO MATIZ /CHEVROLET SPARK 10- RH правый;3255;SAT;аналог;5;
DAEWOO;MATIZ;Фары;ST-235-2009R;Фара противотуманная DAEWOO MATIZ /CHEVROLET SPARK 10- RH правый;520;SAT;аналог;3;
DAEWOO;MATIZ;Фары;ST-235-2009L;Фара противотуманная DAEWOO MATIZ /CHEVROLET SPARK 10- LH левый;520;SAT;аналог;4;
DAEWOO;MATIZ;Фонарь;ST-235-1928L;Фонарь задний DAEWOO MATIZ /CHEVROLET SPARK 10- LH левый;2640;SAT;аналог;5;
DAEWOO;MATIZ;Фонарь;ST-235-1928R;Фонарь задний DAEWOO MATIZ /CHEVROLET SPARK 10- RH правый;2640;SAT;аналог;6;
CITROEN;C4 04-11;;ST-CT25-001-0;Абсорбер переднего бампера CITROEN C4 2004-08;710;SAT;аналог;7;
CITROEN;C4 04-11;Бампер;ST-CT25-000-0;Бампер передний CITROEN C4 2004-08 (пр-во Тайвань);3365;SAT;аналог;8;
CITROEN;C4 04-11;Бампер;ST-CT25-000-A0;Бампер передний CITROEN C4 2004-08 в сборе;4055;SAT;аналог;4;
CITROEN;C4 04-11;Зеркала;ST-CT25-940-2;Зеркало CITROEN C4 2004-11 LH обогрев, поворот 7 конт, левый;2095;SAT;аналог;4;
CITROEN;C4 04-11;Зеркала;ST-CT25-940-1;Зеркало CITROEN C4 2004-11 RH обогрев, поворот 7 конт, правый;2095;SAT;аналог;6;
CITROEN;C4 04-11;Капот;ST-CT25-015-0;Капот CITROEN C4 2004-08 (пр-во Тайвань);5030;SAT;аналог;7;
CITROEN;C4 04-11;Бампер;ST-CT25-000B-2;Крепление переднего бампера CITROEN C4 2004-08 LH, левый;161;SAT;аналог;4;
CITROEN;C4 04-11;Бампер;ST-CT25-000B-1;Крепление переднего бампера CITROEN C4 2004-08 RH, правый;161;SAT;аналог;3;
CITROEN;C4 04-11;Крыло;ST-CT25-016-1;Крыло переднее CITROEN C4 2004-08 RH пластик, правый;1360;SAT;аналог;2;
CITROEN;C4 04-11;Крыло;ST-CT25-016-2;Крыло переднее CITROEN C4 2004-08 LH пластик, левый;1360;SAT;аналог;5;
CITROEN;C4 04-11;Бампер;ST-CT25-000M-1;Молдинг бампера CITROEN C4 2004-08 RH, правый;194;SAT;аналог;7;
CITROEN;C4 04-11;Бампер;ST-CT25-000M-2;Молдинг бампера CITROEN C4 2004-08 LH, левый;194;SAT;аналог;8;
CITROEN;C4 04-11;Бампер;ST-CT25-087M-1;Молдинг заднего бампера CITROEN C4 2004-08 HBK RH, правый;370;SAT;аналог;4;
CITROEN;C4 04-11;Бампер;ST-CT25-087M-2;Молдинг заднего бампера CITROEN C4 2004-08 HBK LH, левый;370;SAT;аналог;3;
CITROEN;C4 04-11;Капот;ST-CT25-015M-0;Молдинг капота CITROEN C4 2004-08;510;SAT;аналог;5;
CITROEN;C4 04-11;Оправа;ST-CT25-219-1;Оправа ПТФ CITROEN C4 2004-08 RH, правый;129;SAT;аналог;7;
CITROEN;C4 04-11;Оправа;ST-CT25-219-2;Оправа ПТФ CITROEN C4 2004-08 LH, левый;129;SAT;аналог;4;
CITROEN;C4 04-11;Оправа;ST-CT25-219-A1;Оправа ПТФ CITROEN C4 2008-11 RH, правый;230;SAT;аналог;3;
CITROEN;C4 04-11;Оправа;ST-CT25-219-A2;Оправа ПТФ CITROEN C4 2008-11 LH, левый;230;SAT;аналог;6;
CITROEN;C4 04-11;Крыло;TG-550-1405L;Поворот в крыло CITROEN C4 04- LH, левый;285;TYC;аналог;7;
CITROEN;C4 04-11;Крыло;TG-550-1405R;Поворот в крыло CITROEN C4 04- RH, правый;285;TYC;аналог;4;
CITROEN;C4 04-11;Крыло;ST-CT25-016L-1;Подкрылок CITROEN C4 PICASSO 04-11 RH (пр-во Тайвань), правый;630;SAT;аналог;6;
CITROEN;C4 04-11;Крыло;ST-CT25-016L-2;Подкрылок CITROEN C4 PICASSO 04-11 LH (пр-во Тайвань), левый;630;SAT;аналог;7;
CITROEN;C4 04-11;Крыло;ST-CT25-016L-A2;Подкрылок CITROEN C4 04-08 LH, левый;840;SAT;аналог;43;
CITROEN;C4 04-11;Крыло;ST-CT25-016L-A1;Подкрылок CITROEN C4 04-08 RH, правый;840;SAT;аналог;6;
CITROEN;C4 04-11;Радиатор;PG0001;Радиатор PEUGEOT 206 /307 /XSARA 1.1 /1.4 /1.4D /1.6 /1.9D /2.0 /2.0D 98-07 /BERLINGO /PARTNER;1985;SAT;аналог;7;
CITROEN;C4 04-11;Радиатор;PG0001-1;Радиатор PEUGEOT 206 1.4 /1.6 98-07 /307 /XSARA 1.6 /2.0 01- /CITROEN C4 1.6 2004-;2355;SAT;аналог;6;
CITROEN;C4 04-11;Радиатор;PG0001-2;Радиатор CITROEN BERLINGO 1.6D (08-) / /C4 /C5 1.8 /2.0 (04-) / /PEUGEOT 407 1.8 /2.0 /2;2065;SAT;аналог;4;
CITROEN;C4 04-11;Радиатор;SG-PG0001;Радиатор PEUGEOT 206 /307 /XSARA 1.1 /1.4 /1.4D /1.6 /1.9D /2.0 /2.0D 98-07 /BERLINGO;1570;SAT;аналог;4;
CITROEN;C4 04-11;Радиатор;SG-PG0001-2;Радиатор CITROEN BERLINGO 1.6D (08-) / /C4 /C5 1.8 /2.0 (04-) / /PEUGEOT 407 1.8 /2.0 /2;1485;SAT;аналог;7;
CITROEN;C4 04-11;Радиатор;SG-PG0001-R;Радиатор PEUGEOT 206 /307 /XSARA 1.1 /1.4 /1.4D /1.6 /1.9D /2.0 /2.0D 98-07 /BERLINGO /PARTNER;1315;SAT;аналог;3;
CITROEN;C4 04-11;Радиатор;ST-CT25-394-0;Радиатор кондиционера CITROEN C4 1.6D 04-09 / C5 1.8 /2.0 /2.0D /2.2D /3.0 00-04 / PEUGEOT 307 2.0D 2000-;2500;SAT;аналог;5;
CITROEN;C4 04-11;Рамка;ST-CT25-009-0;Рамка кузова CITROEN C4 04-08 /PEUGEOT 307 01-08 пластик, под кондиционер.бензин (пр-во Тайвань);1770;SAT;аналог;7;
CITROEN;C4 04-11;Рамка;ST-PG38-009-0;Рамка кузова PEUGEOT 308 /PEUGEOT PARTNER 08-11 бензин (пр-во Тайвань);1870;SAT;аналог;7;
CITROEN;C4 04-11;Бампер;ST-CT25-000G-B0;Решетка в бампер CITROEN C4 08-11;740;SAT;аналог;3;
CITROEN;C4 04-11;Бампер;ST-CT25-000R-0;Усилитель переднего бампера CITROEN C4 04-11;740;SAT;аналог;3;
CITROEN;C4 04-11;Фары;ST-551-2007DN;Фара противотуманная LH=RH диодная;520;SAT;аналог;7;
CITROEN;C4 04-11;Фары;ST-551-2007N;Фара противотуманная LH=RH;235;SAT;аналог;8;
CITROEN;C4 04-11;Фонарь;552-1919R-UE;Фонарь задний CITROEN C4 2004-08 5D, правый;2255;SAT;аналог;4;
CITROEN;C4 04-11;Фонарь;552-1919L-UE;Фонарь задний CITROEN C4 2004-08 5D, левый;2255;SAT;аналог;3;
CITROEN;C4 04-11;Бампер;ST-CT26-000-0;Бампер передний CITROEN C4 2013-16 SEDAN;2480;SAT;аналог;6;
CITROEN;C4 04-11;Капот;ST-CT26-015-0;Капот CITROEN C4 2010- (пр-во Тайвань);11305;SAT;аналог;7;
CITROEN;C4 04-11;Крыло;ST-CT26-016-1;Крыло CITROEN C4 2010- RH (пр-во Тайвань), правый;3175;SAT;аналог;4;
CITROEN;C4 04-11;Крыло;ST-CT26-016-2;Крыло CITROEN C4 2010- LH (пр-во Тайвань), левый;3175;SAT;аналог;3;
CITROEN;C4 04-11;Крыло;TG-550-1405L;Поворот в крыло CITROEN C4 2004- LH;285;TYC;аналог;6;
CITROEN;C4 04-11;Крыло;TG-550-1405R;Поворот в крыло CITROEN C4 2004- RH;285;TYC;аналог;78;
CITROEN;C4 04-11;Крыло;ST-CT26-016L-1;Подкрылок CITROEN C4 10-15 HBK /13- 4D RH (пр-во Тайвань);1455;SAT;аналог;8;
CITROEN;C4 04-11;Крыло;ST-CT26-016L-2;Подкрылок CITROEN C4 10-15 HBK /13- 4D LH (пр-во Тайвань);1455;SAT;аналог;5;
CITROEN;C4 04-11;Радиатор;SG-PG0001-2;Радиатор CITROEN BERLINGO 1.6D (08-) / /C4 /C5 1.8 /2.0 (04-) / /PEUGEOT 407 1.8 /2.0 /2;2065;SAT;аналог;3;
CITROEN;C4 04-11;Радиатор;PG0001-2;Радиатор CITROEN BERLINGO 1.6D (08-) / /C4 /C5 1.8 /2.0 (04-) / /PEUGEOT 407 1.8 /2.0 /2;1485;SAT;аналог;3;
CITROEN;C4 04-11;Рамка;ST-PG38-009-0;Рамка кузова PEUGEOT 308 /PEUGEOT PARTNER 08-11 бензин (пр-во Тайвань);???;SAT;аналог;4;
CITROEN;C4 04-11;Бампер;ST-PG38-000R-A0;Усилитель бампера PEUGEOT 308 08-11 алюминий (пр-во Тайвань);???;SAT;аналог;6;
CITROEN;C4 04-11;Бампер;ST-CT26-000R-A0;Усилитель бампера CITROEN C4 10- пластик (пр-во Тайвань);???;SAT;аналог;7;
